scene,implementation,sample,inner_iterations,per_gemm_ms
original,cpu,0,1000,0.0041819
original,cpu,1,1000,0.004101
original,cpu,2,1000,0.0041003
original,cpu,3,1000,0.0041032
original,cpu,4,1000,0.0044436
original,cpu,5,1000,0.0041019
original,cpu,6,1000,0.0049535
original,cpu,7,1000,0.0042347
original,cpu,8,1000,0.0041244
original,cpu,9,1000,0.0042412
original,cpu,10,1000,0.0040926
original,cpu,11,1000,0.0043005
original,cpu,12,1000,0.0042419
original,cpu,13,1000,0.0040929
original,cpu,14,1000,0.0047496
original,cpu,15,1000,0.0041191
original,cpu,16,1000,0.0041013
original,cpu,17,1000,0.0041787
original,cpu,18,1000,0.0041935
original,cpu,19,1000,0.0044301
original,cpu,20,1000,0.0042767
original,cpu,21,1000,0.0041631
original,cpu,22,1000,0.0043522
original,cpu,23,1000,0.0040855
original,cpu,24,1000,0.0041938
original,cpu,25,1000,0.0045927
original,cpu,26,1000,0.0040878
original,cpu,27,1000,0.0045272
original,cpu,28,1000,0.0041136
original,cpu,29,1000,0.0042912
original,cpu,30,1000,0.0041907
original,cpu,31,1000,0.004263
original,cpu,32,1000,0.0043019
original,cpu,33,1000,0.0043154
original,cpu,34,1000,0.0042034
original,cpu,35,1000,0.0042206
original,cpu,36,1000,0.0042578
original,cpu,37,1000,0.0044503
original,cpu,38,1000,0.0043978
original,cpu,39,1000,0.004198
original,cpu,40,1000,0.0042859
original,cpu,41,1000,0.0043794
original,cpu,42,1000,0.0042649
original,cpu,43,1000,0.004301
original,cpu,44,1000,0.0042895
original,cpu,45,1000,0.0042852
original,cpu,46,1000,0.0043198
original,cpu,47,1000,0.0042038
original,cpu,48,1000,0.004322
original,cpu,49,1000,0.0043325
original,cpu,50,1000,0.0042609
original,cpu,51,1000,0.0042698
original,cpu,52,1000,0.004272
original,cpu,53,1000,0.0042725
original,cpu,54,1000,0.0043572
original,cpu,55,1000,0.0043944
original,cpu,56,1000,0.0043152
original,cpu,57,1000,0.0042938
original,cpu,58,1000,0.0043587
original,cpu,59,1000,0.0044127
original,cpu,60,1000,0.0041883
original,cpu,61,1000,0.004808
original,cpu,62,1000,0.0043048
original,cpu,63,1000,0.0042171
original,cpu,64,1000,0.0043569
original,cpu,65,1000,0.0043114
original,cpu,66,1000,0.0042026
original,cpu,67,1000,0.0042736
original,cpu,68,1000,0.0042264
original,cpu,69,1000,0.0042888
original,cpu,70,1000,0.0042114
original,cpu,71,1000,0.0040892
original,cpu,72,1000,0.0043584
original,cpu,73,1000,0.0041356
original,cpu,74,1000,0.0042076
original,cpu,75,1000,0.004236
original,cpu,76,1000,0.0043026
original,cpu,77,1000,0.0042142
original,cpu,78,1000,0.004129
original,cpu,79,1000,0.0042793
original,cpu,80,1000,0.0041708
original,cpu,81,1000,0.0041278
original,cpu,82,1000,0.004168
original,cpu,83,1000,0.0043126
original,cpu,84,1000,0.0041493
original,cpu,85,1000,0.0042335
original,cpu,86,1000,0.0040814
original,cpu,87,1000,0.0043847
original,cpu,88,1000,0.0042086
original,cpu,89,1000,0.0043795
original,cpu,90,1000,0.0041802
original,cpu,91,1000,0.0042364
original,cpu,92,1000,0.0042009
original,cpu,93,1000,0.0042669
original,cpu,94,1000,0.0040848
original,cpu,95,1000,0.0042815
original,cpu,96,1000,0.0040849
original,cpu,97,1000,0.0041724
original,cpu,98,1000,0.0042043
original,cpu,99,1000,0.0041405
original,naive,0,1,0.0643839985132
original,naive,1,1,0.0306880008429
original,naive,2,1,0.0266559999436
original,naive,3,1,0.0289919991046
original,naive,4,1,0.0484480001032
original,naive,5,1,0.0677760019898
original,naive,6,1,0.0552960000932
original,naive,7,1,0.0554880015552
original,naive,8,1,0.0555839985609
original,naive,9,1,0.0288960002363
original,naive,10,1,0.0675840005279
original,naive,11,1,0.0470720008016
original,naive,12,1,0.0264320001006
original,naive,13,1,0.0676160007715
original,naive,14,1,0.0453439988196
original,naive,15,1,0.0456960014999
original,naive,16,1,0.0286400001496
original,naive,17,1,0.0616319999099
original,naive,18,1,0.0762879997492
original,naive,19,1,0.0550080016255
original,naive,20,1,0.0259520001709
original,naive,21,1,0.0631679967046
original,naive,22,1,0.0450560003519
original,naive,23,1,0.0265280008316
original,naive,24,1,0.0286079999059
original,naive,25,1,0.0292799994349
original,naive,26,1,0.0707520022988
original,naive,27,1,0.0378880016506
original,naive,28,1,0.0267200004309
original,naive,29,1,0.0282559990883
original,naive,30,1,0.0799679979682
original,naive,31,1,0.0289600007236
original,naive,32,1,0.0271039996296
original,naive,33,1,0.0797759965062
original,naive,34,1,0.0511999987066
original,naive,35,1,0.0306880008429
original,naive,36,1,0.0285439994186
original,naive,37,1,0.00876799970865
original,naive,38,1,0.0219519995153
original,naive,39,1,0.00998399965465
original,naive,40,1,0.00841599982232
original,naive,41,1,0.0326399989426
original,naive,42,1,0.00956800021231
original,naive,43,1,0.0214079990983
original,naive,44,1,0.00992000009865
original,naive,45,1,0.00985599961132
original,naive,46,1,0.00950399972498
original,naive,47,1,0.0102399997413
original,naive,48,1,0.00857600010931
original,naive,49,1,0.010048000142
original,naive,50,1,0.00921600032598
original,naive,51,1,0.00835200026631
original,naive,52,1,0.010208000429
original,naive,53,1,0.0402240008116
original,naive,54,1,0.00934400036931
original,naive,55,1,0.0245760008693
original,naive,56,1,0.00886400043964
original,naive,57,1,0.00902399979532
original,naive,58,1,0.00960000045598
original,naive,59,1,0.0428159981966
original,naive,60,1,0.00886400043964
original,naive,61,1,0.022528000176
original,naive,62,1,0.00963199976832
original,naive,63,1,0.0310720000416
original,naive,64,1,0.0102399997413
original,naive,65,1,0.0109759997576
original,naive,66,1,0.00876799970865
original,naive,67,1,0.011040000245
original,naive,68,1,0.0220480002463
original,naive,69,1,0.00995200034231
original,naive,70,1,0.0327679999173
original,naive,71,1,0.0331199988723
original,naive,72,1,0.00857600010931
original,naive,73,1,0.0273279994726
original,naive,74,1,0.00825599953532
original,naive,75,1,0.022528000176
original,naive,76,1,0.00908800028265
original,naive,77,1,0.00953599996865
original,naive,78,1,0.00822400022298
original,naive,79,1,0.0348160006106
original,naive,80,1,0.00844800006598
original,naive,81,1,0.0222720000893
original,naive,82,1,0.00998399965465
original,naive,83,1,0.00947200041264
original,naive,84,1,0.0302080009133
original,naive,85,1,0.00905600003898
original,naive,86,1,0.00918400008231
original,naive,87,1,0.00998399965465
original,naive,88,1,0.00953599996865
original,naive,89,1,0.0102399997413
original,naive,90,1,0.00854399986565
original,naive,91,1,0.00937599968165
original,naive,92,1,0.0237760003656
original,naive,93,1,0.00822400022298
original,naive,94,1,0.00819199997932
original,naive,95,1,0.010335999541
original,naive,96,1,0.00857600010931
original,naive,97,1,0.0102399997413
original,naive,98,1,0.00992000009865
original,naive,99,1,0.00940799992532
original,tiled_8,0,1,0.0101439999416
original,tiled_8,1,1,0.0102399997413
original,tiled_8,2,1,0.00947200041264
original,tiled_8,3,1,0.0240640006959
original,tiled_8,4,1,0.00918400008231
original,tiled_8,5,1,0.0100159998983
original,tiled_8,6,1,0.021983999759
original,tiled_8,7,1,0.00937599968165
original,tiled_8,8,1,0.00896000023931
original,tiled_8,9,1,0.00982400029898
original,tiled_8,10,1,0.00931200012565
original,tiled_8,11,1,0.00985599961132
original,tiled_8,12,1,0.00944000016898
original,tiled_8,13,1,0.00822400022298
original,tiled_8,14,1,0.0266239997
original,tiled_8,15,1,0.00886400043964
original,tiled_8,16,1,0.00911999959499
original,tiled_8,17,1,0.00944000016898
original,tiled_8,18,1,0.0358400009573
original,tiled_8,19,1,0.00992000009865
original,tiled_8,20,1,0.010208000429
original,tiled_8,21,1,0.0234559997916
original,tiled_8,22,1,0.00956800021231
original,tiled_8,23,1,0.0204799994826
original,tiled_8,24,1,0.00848000030965
original,tiled_8,25,1,0.022431999445
original,tiled_8,26,1,0.00944000016898
original,tiled_8,27,1,0.010432000272
original,tiled_8,28,1,0.0232319999486
original,tiled_8,29,1,0.0116800004616
original,tiled_8,30,1,0.00851199962199
original,tiled_8,31,1,0.00979200005531
original,tiled_8,32,1,0.02585599944
original,tiled_8,33,1,0.00815999973565
original,tiled_8,34,1,0.0219519995153
original,tiled_8,35,1,0.00988799985498
original,tiled_8,36,1,0.00851199962199
original,tiled_8,37,1,0.0101439999416
original,tiled_8,38,1,0.0122880004346
original,tiled_8,39,1,0.0105600003153
original,tiled_8,40,1,0.00960000045598
original,tiled_8,41,1,0.00819199997932
original,tiled_8,42,1,0.00995200034231
original,tiled_8,43,1,0.00992000009865
original,tiled_8,44,1,0.0234559997916
original,tiled_8,45,1,0.00876799970865
original,tiled_8,46,1,0.00944000016898
original,tiled_8,47,1,0.00998399965465
original,tiled_8,48,1,0.00915199983865
original,tiled_8,49,1,0.00870400015265
original,tiled_8,50,1,0.00992000009865
original,tiled_8,51,1,0.0241279993206
original,tiled_8,52,1,0.0120639996603
original,tiled_8,53,1,0.0214079990983
original,tiled_8,54,1,0.00979200005531
original,tiled_8,55,1,0.0224959999323
original,tiled_8,56,1,0.022975999862
original,tiled_8,57,1,0.010432000272
original,tiled_8,58,1,0.0261760000139
original,tiled_8,59,1,0.00963199976832
original,tiled_8,60,1,0.0102399997413
original,tiled_8,61,1,0.0102399997413
original,tiled_8,62,1,0.00835200026631
original,tiled_8,63,1,0.0102399997413
original,tiled_8,64,1,0.0102399997413
original,tiled_8,65,1,0.00966400001198
original,tiled_8,66,1,0.010495999828
original,tiled_8,67,1,0.00896000023931
original,tiled_8,68,1,0.0104000000283
original,tiled_8,69,1,0.010048000142
original,tiled_8,70,1,0.0100159998983
original,tiled_8,71,1,0.00982400029898
original,tiled_8,72,1,0.00822400022298
original,tiled_8,73,1,0.00979200005531
original,tiled_8,74,1,0.0102399997413
original,tiled_8,75,1,0.00838399957865
original,tiled_8,76,1,0.00944000016898
original,tiled_8,77,1,0.00992000009865
original,tiled_8,78,1,0.0265280008316
original,tiled_8,79,1,0.00892799999565
original,tiled_8,80,1,0.0124159995466
original,tiled_8,81,1,0.00838399957865
original,tiled_8,82,1,0.0248319990933
original,tiled_8,83,1,0.00879999995232
original,tiled_8,84,1,0.0102399997413
original,tiled_8,85,1,0.010048000142
original,tiled_8,86,1,0.00963199976832
original,tiled_8,87,1,0.0239039994776
original,tiled_8,88,1,0.00940799992532
original,tiled_8,89,1,0.00995200034231
original,tiled_8,90,1,0.00985599961132
original,tiled_8,91,1,0.00934400036931
original,tiled_8,92,1,0.00966400001198
original,tiled_8,93,1,0.00921600032598
original,tiled_8,94,1,0.00905600003898
original,tiled_8,95,1,0.00988799985498
original,tiled_8,96,1,0.00950399972498
original,tiled_8,97,1,0.00819199997932
original,tiled_8,98,1,0.0246079992503
original,tiled_8,99,1,0.00969600025564
original,tiled_16,0,1,0.0102399997413
original,tiled_16,1,1,0.0103040002286
original,tiled_16,2,1,0.0104639995843
original,tiled_16,3,1,0.010048000142
original,tiled_16,4,1,0.00883200019598
original,tiled_16,5,1,0.0102399997413
original,tiled_16,6,1,0.00899199955165
original,tiled_16,7,1,0.00876799970865
original,tiled_16,8,1,0.0233280006796
original,tiled_16,9,1,0.00828799977899
original,tiled_16,10,1,0.010495999828
original,tiled_16,11,1,0.00963199976832
original,tiled_16,12,1,0.00966400001198
original,tiled_16,13,1,0.029727999121
original,tiled_16,14,1,0.0101439999416
original,tiled_16,15,1,0.0101439999416
original,tiled_16,16,1,0.0101439999416
original,tiled_16,17,1,0.00975999981165
original,tiled_16,18,1,0.01369599998
original,tiled_16,19,1,0.0113599998876
original,tiled_16,20,1,0.0126719996333
original,tiled_16,21,1,0.010432000272
original,tiled_16,22,1,0.00966400001198
original,tiled_16,23,1,0.00988799985498
original,tiled_16,24,1,0.00998399965465
original,tiled_16,25,1,0.00854399986565
original,tiled_16,26,1,0.00908800028265
original,tiled_16,27,1,0.0109759997576
original,tiled_16,28,1,0.02508799918
original,tiled_16,29,1,0.0102399997413
original,tiled_16,30,1,0.00870400015265
original,tiled_16,31,1,0.00892799999565
original,tiled_16,32,1,0.0348160006106
original,tiled_16,33,1,0.00988799985498
original,tiled_16,34,1,0.0102399997413
original,tiled_16,35,1,0.0116159999743
original,tiled_16,36,1,0.012256000191
original,tiled_16,37,1,0.0105600003153
original,tiled_16,38,1,0.0467200018466
original,tiled_16,39,1,0.00915199983865
original,tiled_16,40,1,0.010432000272
original,tiled_16,41,1,0.023744000122
original,tiled_16,42,1,0.0102399997413
original,tiled_16,43,1,0.0101760001853
original,tiled_16,44,1,0.0110719995573
original,tiled_16,45,1,0.00995200034231
original,tiled_16,46,1,0.00867199990898
original,tiled_16,47,1,0.0102399997413
original,tiled_16,48,1,0.00992000009865
original,tiled_16,49,1,0.00944000016898
original,tiled_16,50,1,0.0102399997413
original,tiled_16,51,1,0.00873600039631
original,tiled_16,52,1,0.0273919999599
original,tiled_16,53,1,0.00992000009865
original,tiled_16,54,1,0.0223680008203
original,tiled_16,55,1,0.0102399997413
original,tiled_16,56,1,0.0102399997413
original,tiled_16,57,1,0.0102399997413
original,tiled_16,58,1,0.0286400001496
original,tiled_16,59,1,0.00905600003898
original,tiled_16,60,1,0.010495999828
original,tiled_16,61,1,0.0273919999599
original,tiled_16,62,1,0.0102399997413
original,tiled_16,63,1,0.0102399997413
original,tiled_16,64,1,0.0245440006256
original,tiled_16,65,1,0.00857600010931
original,tiled_16,66,1,0.0221439991146
original,tiled_16,67,1,0.00969600025564
original,tiled_16,68,1,0.0109759997576
original,tiled_16,69,1,0.024639999494
original,tiled_16,70,1,0.00979200005531
original,tiled_16,71,1,0.023871999234
original,tiled_16,72,1,0.00988799985498
original,tiled_16,73,1,0.0102399997413
original,tiled_16,74,1,0.0247680004686
original,tiled_16,75,1,0.00940799992532
original,tiled_16,76,1,0.0106239998713
original,tiled_16,77,1,0.00883200019598
original,tiled_16,78,1,0.00918400008231
original,tiled_16,79,1,0.0104000000283
original,tiled_16,80,1,0.010111999698
original,tiled_16,81,1,0.0101760001853
original,tiled_16,82,1,0.0101439999416
original,tiled_16,83,1,0.00819199997932
original,tiled_16,84,1,0.010048000142
original,tiled_16,85,1,0.00985599961132
original,tiled_16,86,1,0.0239039994776
original,tiled_16,87,1,0.0102399997413
original,tiled_16,88,1,0.0214719995856
original,tiled_16,89,1,0.00832000002265
original,tiled_16,90,1,0.0100159998983
original,tiled_16,91,1,0.00947200041264
original,tiled_16,92,1,0.024095999077
original,tiled_16,93,1,0.010048000142
original,tiled_16,94,1,0.0278719998896
original,tiled_16,95,1,0.0102399997413
original,tiled_16,96,1,0.00940799992532
original,tiled_16,97,1,0.0102399997413
original,tiled_16,98,1,0.0632319971919
original,tiled_16,99,1,0.0100800003856
original,tiled_32,0,1,0.0120000001043
original,tiled_32,1,1,0.0307199992239
original,tiled_32,2,1,0.0122880004346
original,tiled_32,3,1,0.0135040003806
original,tiled_32,4,1,0.0126719996333
original,tiled_32,5,1,0.012703999877
original,tiled_32,6,1,0.012319999747
original,tiled_32,7,1,0.0127360001206
original,tiled_32,8,1,0.0120639996603
original,tiled_32,9,1,0.0161600001156
original,tiled_32,10,1,0.0142080001533
original,tiled_32,11,1,0.011711999774
original,tiled_32,12,1,0.012319999747
original,tiled_32,13,1,0.0127680003643
original,tiled_32,14,1,0.013472000137
original,tiled_32,15,1,0.0133440000936
original,tiled_32,16,1,0.0287040006369
original,tiled_32,17,1,0.012480000034
original,tiled_32,18,1,0.0347520001233
original,tiled_32,19,1,0.01408000011
original,tiled_32,20,1,0.0397760011256
original,tiled_32,21,1,0.0122880004346
original,tiled_32,22,1,0.0122239999473
original,tiled_32,23,1,0.0135679999366
original,tiled_32,24,1,0.012256000191
original,tiled_32,25,1,0.0124479997903
original,tiled_32,26,1,0.0122880004346
original,tiled_32,27,1,0.0124479997903
original,tiled_32,28,1,0.0121280001476
original,tiled_32,29,1,0.0125120002776
original,tiled_32,30,1,0.012319999747
original,tiled_32,31,1,0.00896000023931
original,tiled_32,32,1,0.0275839995593
original,tiled_32,33,1,0.012640000321
original,tiled_32,34,1,0.0127680003643
original,tiled_32,35,1,0.0120000001043
original,tiled_32,36,1,0.012319999747
original,tiled_32,37,1,0.0290559995919
original,tiled_32,38,1,0.012095999904
original,tiled_32,39,1,0.012319999747
original,tiled_32,40,1,0.0111999996006
original,tiled_32,41,1,0.013472000137
original,tiled_32,42,1,0.0122880004346
original,tiled_32,43,1,0.0122880004346
original,tiled_32,44,1,0.0122880004346
original,tiled_32,45,1,0.0117440000176
original,tiled_32,46,1,0.0388800017536
original,tiled_32,47,1,0.0124479997903
original,tiled_32,48,1,0.012095999904
original,tiled_32,49,1,0.0122880004346
original,tiled_32,50,1,0.0149760004133
original,tiled_32,51,1,0.013856000267
original,tiled_32,52,1,0.012319999747
original,tiled_32,53,1,0.0128319999203
original,tiled_32,54,1,0.01292799972
original,tiled_32,55,1,0.0119679998606
original,tiled_32,56,1,0.0370879992843
original,tiled_32,57,1,0.0121280001476
original,tiled_32,58,1,0.013632000424
original,tiled_32,59,1,0.0275839995593
original,tiled_32,60,1,0.0122880004346
original,tiled_32,61,1,0.0337600000203
original,tiled_32,62,1,0.0124159995466
original,tiled_32,63,1,0.012256000191
original,tiled_32,64,1,0.012480000034
original,tiled_32,65,1,0.0112960003316
original,tiled_32,66,1,0.012256000191
original,tiled_32,67,1,0.012095999904
original,tiled_32,68,1,0.0129599999636
original,tiled_32,69,1,0.0121280001476
original,tiled_32,70,1,0.014240000397
original,tiled_32,71,1,0.0109759997576
original,tiled_32,72,1,0.0155520001426
original,tiled_32,73,1,0.013759999536
original,tiled_32,74,1,0.0266239997
original,tiled_32,75,1,0.0134399998933
original,tiled_32,76,1,0.0129920002073
original,tiled_32,77,1,0.012640000321
original,tiled_32,78,1,0.0125120002776
original,tiled_32,79,1,0.0122880004346
original,tiled_32,80,1,0.0136000001803
original,tiled_32,81,1,0.0133440000936
original,tiled_32,82,1,0.012032000348
original,tiled_32,83,1,0.0124159995466
original,tiled_32,84,1,0.0122880004346
original,tiled_32,85,1,0.0133440000936
original,tiled_32,86,1,0.0133440000936
original,tiled_32,87,1,0.0124479997903
original,tiled_32,88,1,0.0127360001206
original,tiled_32,89,1,0.012480000034
original,tiled_32,90,1,0.012319999747
original,tiled_32,91,1,0.01254399959
original,tiled_32,92,1,0.00963199976832
original,tiled_32,93,1,0.012703999877
original,tiled_32,94,1,0.012480000034
original,tiled_32,95,1,0.0112319998443
original,tiled_32,96,1,0.0273599997163
original,tiled_32,97,1,0.0272320006043
original,tiled_32,98,1,0.0122239999473
original,tiled_32,99,1,0.0254720002413
expanded,cpu,0,1,4.6522
expanded,cpu,1,1,4.5964
expanded,cpu,2,1,4.6004
expanded,cpu,3,1,4.7096
expanded,cpu,4,1,4.6718
expanded,cpu,5,1,4.6852
expanded,cpu,6,1,4.6026
expanded,cpu,7,1,4.727
expanded,cpu,8,1,4.7251
expanded,cpu,9,1,5.2231
expanded,cpu,10,1,4.6748
expanded,cpu,11,1,4.671
expanded,cpu,12,1,4.7084
expanded,cpu,13,1,4.635
expanded,cpu,14,1,4.6525
expanded,cpu,15,1,4.6529
expanded,cpu,16,1,4.9299
expanded,cpu,17,1,4.6215
expanded,cpu,18,1,4.6275
expanded,cpu,19,1,5.0018
expanded,cpu,20,1,4.8086
expanded,cpu,21,1,4.6682
expanded,cpu,22,1,4.7744
expanded,cpu,23,1,4.8762
expanded,cpu,24,1,4.7174
expanded,cpu,25,1,4.7187
expanded,cpu,26,1,6.4014
expanded,cpu,27,1,5.0619
expanded,cpu,28,1,4.8192
expanded,cpu,29,1,4.6761
expanded,cpu,30,1,4.8819
expanded,cpu,31,1,5.107
expanded,cpu,32,1,4.8546
expanded,cpu,33,1,4.6281
expanded,cpu,34,1,5.0654
expanded,cpu,35,1,4.807
expanded,cpu,36,1,4.6552
expanded,cpu,37,1,4.8545
expanded,cpu,38,1,4.7237
expanded,cpu,39,1,4.7652
expanded,cpu,40,1,4.641
expanded,cpu,41,1,4.7363
expanded,cpu,42,1,4.834
expanded,cpu,43,1,4.7284
expanded,cpu,44,1,4.8948
expanded,cpu,45,1,4.8246
expanded,cpu,46,1,4.7327
expanded,cpu,47,1,4.8743
expanded,cpu,48,1,4.8623
expanded,cpu,49,1,4.7113
expanded,cpu,50,1,4.9329
expanded,cpu,51,1,4.7921
expanded,cpu,52,1,4.8784
expanded,cpu,53,1,4.7358
expanded,cpu,54,1,4.8207
expanded,cpu,55,1,4.8488
expanded,cpu,56,1,4.7287
expanded,cpu,57,1,4.9176
expanded,cpu,58,1,4.892
expanded,cpu,59,1,4.7257
expanded,cpu,60,1,4.8291
expanded,cpu,61,1,4.8714
expanded,cpu,62,1,4.8749
expanded,cpu,63,1,4.673
expanded,cpu,64,1,4.7944
expanded,cpu,65,1,4.7404
expanded,cpu,66,1,4.6383
expanded,cpu,67,1,4.7937
expanded,cpu,68,1,4.7413
expanded,cpu,69,1,4.626
expanded,cpu,70,1,4.797
expanded,cpu,71,1,4.6955
expanded,cpu,72,1,4.6218
expanded,cpu,73,1,4.7328
expanded,cpu,74,1,4.7063
expanded,cpu,75,1,4.6175
expanded,cpu,76,1,4.7239
expanded,cpu,77,1,4.7539
expanded,cpu,78,1,4.6148
expanded,cpu,79,1,4.7466
expanded,cpu,80,1,6.1052
expanded,cpu,81,1,4.8775
expanded,cpu,82,1,4.6211
expanded,cpu,83,1,5.4128
expanded,cpu,84,1,4.8129
expanded,cpu,85,1,4.6642
expanded,cpu,86,1,4.7153
expanded,cpu,87,1,4.6945
expanded,cpu,88,1,4.6991
expanded,cpu,89,1,4.6113
expanded,cpu,90,1,4.6951
expanded,cpu,91,1,4.6843
expanded,cpu,92,1,4.6001
expanded,cpu,93,1,4.603
expanded,cpu,94,1,4.6182
expanded,cpu,95,1,4.6881
expanded,cpu,96,1,4.5946
expanded,cpu,97,1,4.5968
expanded,cpu,98,1,4.5959
expanded,cpu,99,1,4.6813
expanded,naive,0,1,0.0471360012889
expanded,naive,1,1,0.0469119995832
expanded,naive,2,1,0.0456000007689
expanded,naive,3,1,0.0471040010452
expanded,naive,4,1,0.0468479990959
expanded,naive,5,1,0.0461120009422
expanded,naive,6,1,0.0470080003142
expanded,naive,7,1,0.0471360012889
expanded,naive,8,1,0.0480960011482
expanded,naive,9,1,0.0467519983649
expanded,naive,10,1,0.0471040010452
expanded,naive,11,1,0.0471040010452
expanded,naive,12,1,0.0471040010452
expanded,naive,13,1,0.0458559989929
expanded,naive,14,1,0.0471040010452
expanded,naive,15,1,0.0470080003142
expanded,naive,16,1,0.0458879992366
expanded,naive,17,1,0.0468159988523
expanded,naive,18,1,0.0471040010452
expanded,naive,19,1,0.0469760000706
expanded,naive,20,1,0.0458879992366
expanded,naive,21,1,0.0453439988196
expanded,naive,22,1,0.0471040010452
expanded,naive,23,1,0.0460800006986
expanded,naive,24,1,0.0455040000379
expanded,naive,25,1,0.0465920008719
expanded,naive,26,1,0.0468799993396
expanded,naive,27,1,0.0461120009422
expanded,naive,28,1,0.0463359989226
expanded,naive,29,1,0.0460480004549
expanded,naive,30,1,0.0468159988523
expanded,naive,31,1,0.0469439998269
expanded,naive,32,1,0.0471040010452
expanded,naive,33,1,0.0467839986086
expanded,naive,34,1,0.0462399981916
expanded,naive,35,1,0.0471040010452
expanded,naive,36,1,0.0458559989929
expanded,naive,37,1,0.0455040000379
expanded,naive,38,1,0.0469119995832
expanded,naive,39,1,0.0470720008016
expanded,naive,40,1,0.0459519997239
expanded,naive,41,1,0.0464960001409
expanded,naive,42,1,0.0470400005579
expanded,naive,43,1,0.0471040010452
expanded,naive,44,1,0.0464639998972
expanded,naive,45,1,0.0690559968352
expanded,naive,46,1,0.0480320006609
expanded,naive,47,1,0.0464319996536
expanded,naive,48,1,0.0470720008016
expanded,naive,49,1,0.0470720008016
expanded,naive,50,1,0.0468799993396
expanded,naive,51,1,0.0471360012889
expanded,naive,52,1,0.0471360012889
expanded,naive,53,1,0.0470720008016
expanded,naive,54,1,0.0463679991663
expanded,naive,55,1,0.0462399981916
expanded,naive,56,1,0.0470400005579
expanded,naive,57,1,0.0471360012889
expanded,naive,58,1,0.0460480004549
expanded,naive,59,1,0.0466240011156
expanded,naive,60,1,0.0466880016029
expanded,naive,61,1,0.0471040010452
expanded,naive,62,1,0.0466560013592
expanded,naive,63,1,0.0469760000706
expanded,naive,64,1,0.0492479987442
expanded,naive,65,1,0.0466560013592
expanded,naive,66,1,0.0471040010452
expanded,naive,67,1,0.0468159988523
expanded,naive,68,1,0.0452160015702
expanded,naive,69,1,0.0466560013592
expanded,naive,70,1,0.0466240011156
expanded,naive,71,1,0.0469439998269
expanded,naive,72,1,0.0468479990959
expanded,naive,73,1,0.0458559989929
expanded,naive,74,1,0.0493759997189
expanded,naive,75,1,0.0470400005579
expanded,naive,76,1,0.0455040000379
expanded,naive,77,1,0.0471040010452
expanded,naive,78,1,0.0458559989929
expanded,naive,79,1,0.0457599982619
expanded,naive,80,1,0.0467200018466
expanded,naive,81,1,0.0471040010452
expanded,naive,82,1,0.0470720008016
expanded,naive,83,1,0.0470080003142
expanded,naive,84,1,0.0459519997239
expanded,naive,85,1,0.0472639985383
expanded,naive,86,1,0.0466880016029
expanded,naive,87,1,0.0471040010452
expanded,naive,88,1,0.0471360012889
expanded,naive,89,1,0.0466880016029
expanded,naive,90,1,0.0471040010452
expanded,naive,91,1,0.0463679991663
expanded,naive,92,1,0.0468799993396
expanded,naive,93,1,0.0456960014999
expanded,naive,94,1,0.0464960001409
expanded,naive,95,1,0.0471680015326
expanded,naive,96,1,0.0469439998269
expanded,naive,97,1,0.0468159988523
expanded,naive,98,1,0.0464960001409
expanded,naive,99,1,0.0466880016029
expanded,tiled_8,0,1,0.0527679994702
expanded,tiled_8,1,1,0.0535360015929
expanded,tiled_8,2,1,0.0532479993999
expanded,tiled_8,3,1,0.0529920011759
expanded,tiled_8,4,1,0.0532479993999
expanded,tiled_8,5,1,0.0552960000932
expanded,tiled_8,6,1,0.0533440001309
expanded,tiled_8,7,1,0.0520320013165
expanded,tiled_8,8,1,0.0532159991562
expanded,tiled_8,9,1,0.0532479993999
expanded,tiled_8,10,1,0.0515840016305
expanded,tiled_8,11,1,0.0532479993999
expanded,tiled_8,12,1,0.0526399984956
expanded,tiled_8,13,1,0.0525120012462
expanded,tiled_8,14,1,0.0532479993999
expanded,tiled_8,15,1,0.0532479993999
expanded,tiled_8,16,1,0.0532159991562
expanded,tiled_8,17,1,0.0532159991562
expanded,tiled_8,18,1,0.0532799996436
expanded,tiled_8,19,1,0.0531199984252
expanded,tiled_8,20,1,0.0531839989126
expanded,tiled_8,21,1,0.0518720000982
expanded,tiled_8,22,1,0.0532479993999
expanded,tiled_8,23,1,0.0530240014195
expanded,tiled_8,24,1,0.0530240014195
expanded,tiled_8,25,1,0.0532159991562
expanded,tiled_8,26,1,0.0529920011759
expanded,tiled_8,27,1,0.0532479993999
expanded,tiled_8,28,1,0.0519360005856
expanded,tiled_8,29,1,0.0532479993999
expanded,tiled_8,30,1,0.0540799982846
expanded,tiled_8,31,1,0.0524480007589
expanded,tiled_8,32,1,0.0532479993999
expanded,tiled_8,33,1,0.0529920011759
expanded,tiled_8,34,1,0.0517439991236
expanded,tiled_8,35,1,0.0527359992266
expanded,tiled_8,36,1,0.0526399984956
expanded,tiled_8,37,1,0.0529600009322
expanded,tiled_8,38,1,0.0531519986689
expanded,tiled_8,39,1,0.0531199984252
expanded,tiled_8,40,1,0.0531839989126
expanded,tiled_8,41,1,0.0531519986689
expanded,tiled_8,42,1,0.0531199984252
expanded,tiled_8,43,1,0.0529280006886
expanded,tiled_8,44,1,0.0524800010026
expanded,tiled_8,45,1,0.0532479993999
expanded,tiled_8,46,1,0.0521599985659
expanded,tiled_8,47,1,0.0701119974256
expanded,tiled_8,48,1,0.0536959990859
expanded,tiled_8,49,1,0.0531839989126
expanded,tiled_8,50,1,0.0530879981816
expanded,tiled_8,51,1,0.0519040003419
expanded,tiled_8,52,1,0.0525760017335
expanded,tiled_8,53,1,0.0532479993999
expanded,tiled_8,54,1,0.0519040003419
expanded,tiled_8,55,1,0.0514880008996
expanded,tiled_8,56,1,0.0531839989126
expanded,tiled_8,57,1,0.0530560016632
expanded,tiled_8,58,1,0.0529920011759
expanded,tiled_8,59,1,0.0532479993999
expanded,tiled_8,60,1,0.0521279983222
expanded,tiled_8,61,1,0.0532479993999
expanded,tiled_8,62,1,0.0518720000982
expanded,tiled_8,63,1,0.0528960004449
expanded,tiled_8,64,1,0.0537279993296
expanded,tiled_8,65,1,0.0529920011759
expanded,tiled_8,66,1,0.0536319985986
expanded,tiled_8,67,1,0.0531519986689
expanded,tiled_8,68,1,0.0521279983222
expanded,tiled_8,69,1,0.0532479993999
expanded,tiled_8,70,1,0.0532479993999
expanded,tiled_8,71,1,0.0521599985659
expanded,tiled_8,72,1,0.0525440014899
expanded,tiled_8,73,1,0.0524800010026
expanded,tiled_8,74,1,0.0532479993999
expanded,tiled_8,75,1,0.0530560016632
expanded,tiled_8,76,1,0.0531199984252
expanded,tiled_8,77,1,0.0529920011759
expanded,tiled_8,78,1,0.0532159991562
expanded,tiled_8,79,1,0.0532479993999
expanded,tiled_8,80,1,0.0559360012412
expanded,tiled_8,81,1,0.0545280016959
expanded,tiled_8,82,1,0.0531839989126
expanded,tiled_8,83,1,0.0525760017335
expanded,tiled_8,84,1,0.0529600009322
expanded,tiled_8,85,1,0.0532159991562
expanded,tiled_8,86,1,0.0524800010026
expanded,tiled_8,87,1,0.0532479993999
expanded,tiled_8,88,1,0.0518399998546
expanded,tiled_8,89,1,0.0514880008996
expanded,tiled_8,90,1,0.0530879981816
expanded,tiled_8,91,1,0.0531199984252
expanded,tiled_8,92,1,0.0529600009322
expanded,tiled_8,93,1,0.0532159991562
expanded,tiled_8,94,1,0.0531519986689
expanded,tiled_8,95,1,0.0530879981816
expanded,tiled_8,96,1,0.0531519986689
expanded,tiled_8,97,1,0.0527039989829
expanded,tiled_8,98,1,0.0532159991562
expanded,tiled_8,99,1,0.0516479983926
expanded,tiled_16,0,1,0.0389119982719
expanded,tiled_16,1,1,0.0391680002213
expanded,tiled_16,2,1,0.0376319997013
expanded,tiled_16,3,1,0.0389119982719
expanded,tiled_16,4,1,0.0388480015099
expanded,tiled_16,5,1,0.0377600006759
expanded,tiled_16,6,1,0.0390079990029
expanded,tiled_16,7,1,0.0387200005352
expanded,tiled_16,8,1,0.0382400006056
expanded,tiled_16,9,1,0.0388800017536
expanded,tiled_16,10,1,0.0383360013366
expanded,tiled_16,11,1,0.0386560000479
expanded,tiled_16,12,1,0.0389119982719
expanded,tiled_16,13,1,0.0405119992793
expanded,tiled_16,14,1,0.0520960018039
expanded,tiled_16,15,1,0.0382400006056
expanded,tiled_16,16,1,0.0388800017536
expanded,tiled_16,17,1,0.0384319983423
expanded,tiled_16,18,1,0.0386560000479
expanded,tiled_16,19,1,0.0400319993496
expanded,tiled_16,20,1,0.0386560000479
expanded,tiled_16,21,1,0.0382720008492
expanded,tiled_16,22,1,0.0389119982719
expanded,tiled_16,23,1,0.0510400012136
expanded,tiled_16,24,1,0.0390719994903
expanded,tiled_16,25,1,0.0388160012662
expanded,tiled_16,26,1,0.0377920009196
expanded,tiled_16,27,1,0.0376639999449
expanded,tiled_16,28,1,0.0388800017536
expanded,tiled_16,29,1,0.0389119982719
expanded,tiled_16,30,1,0.0385599993169
expanded,tiled_16,31,1,0.0387520007789
expanded,tiled_16,32,1,0.0387520007789
expanded,tiled_16,33,1,0.0389119982719
expanded,tiled_16,34,1,0.0378240011632
expanded,tiled_16,35,1,0.0390719994903
expanded,tiled_16,36,1,0.0376639999449
expanded,tiled_16,37,1,0.0392640009522
expanded,tiled_16,38,1,0.0377600006759
expanded,tiled_16,39,1,0.0374719984829
expanded,tiled_16,40,1,0.0389119982719
expanded,tiled_16,41,1,0.0378560014069
expanded,tiled_16,42,1,0.0375679992139
expanded,tiled_16,43,1,0.0389119982719
expanded,tiled_16,44,1,0.0388160012662
expanded,tiled_16,45,1,0.0387200005352
expanded,tiled_16,46,1,0.0376319997013
expanded,tiled_16,47,1,0.0381119996309
expanded,tiled_16,48,1,0.0388800017536
expanded,tiled_16,49,1,0.0376639999449
expanded,tiled_16,50,1,0.0374080017209
expanded,tiled_16,51,1,0.0390079990029
expanded,tiled_16,52,1,0.0386880002916
expanded,tiled_16,53,1,0.0391680002213
expanded,tiled_16,54,1,0.0571519993246
expanded,tiled_16,55,1,0.0388800017536
expanded,tiled_16,56,1,0.0542399995029
expanded,tiled_16,57,1,0.0385279990733
expanded,tiled_16,58,1,0.0389119982719
expanded,tiled_16,59,1,0.0386880002916
expanded,tiled_16,60,1,0.0386239998043
expanded,tiled_16,61,1,0.0389119982719
expanded,tiled_16,62,1,0.0378240011632
expanded,tiled_16,63,1,0.0432000011206
expanded,tiled_16,64,1,0.0389119982719
expanded,tiled_16,65,1,0.0384319983423
expanded,tiled_16,66,1,0.0389119982719
expanded,tiled_16,67,1,0.0386239998043
expanded,tiled_16,68,1,0.0385279990733
expanded,tiled_16,69,1,0.0398720018566
expanded,tiled_16,70,1,0.0388800017536
expanded,tiled_16,71,1,0.0387840010226
expanded,tiled_16,72,1,0.0387200005352
expanded,tiled_16,73,1,0.0383040010929
expanded,tiled_16,74,1,0.0389119982719
expanded,tiled_16,75,1,0.0383360013366
expanded,tiled_16,76,1,0.0382720008492
expanded,tiled_16,77,1,0.0389119982719
expanded,tiled_16,78,1,0.0387840010226
expanded,tiled_16,79,1,0.0389119982719
expanded,tiled_16,80,1,0.0390079990029
expanded,tiled_16,81,1,0.0385599993169
expanded,tiled_16,82,1,0.0389119982719
expanded,tiled_16,83,1,0.0384000018239
expanded,tiled_16,84,1,0.0387200005352
expanded,tiled_16,85,1,0.0389759987593
expanded,tiled_16,86,1,0.0389119982719
expanded,tiled_16,87,1,0.0387520007789
expanded,tiled_16,88,1,0.0390079990029
expanded,tiled_16,89,1,0.0375359989703
expanded,tiled_16,90,1,0.0391039997339
expanded,tiled_16,91,1,0.0389119982719
expanded,tiled_16,92,1,0.0376639999449
expanded,tiled_16,93,1,0.0390719994903
expanded,tiled_16,94,1,0.0388160012662
expanded,tiled_16,95,1,0.0387520007789
expanded,tiled_16,96,1,0.0375999994576
expanded,tiled_16,97,1,0.0374080017209
expanded,tiled_16,98,1,0.0389759987593
expanded,tiled_16,99,1,0.0390079990029
expanded,tiled_32,0,1,0.0471040010452
expanded,tiled_32,1,1,0.0489600002766
expanded,tiled_32,2,1,0.0480320006609
expanded,tiled_32,3,1,0.0475200004876
expanded,tiled_32,4,1,0.0477439984679
expanded,tiled_32,5,1,0.0476480014622
expanded,tiled_32,6,1,0.0486400015652
expanded,tiled_32,7,1,0.0489280000329
expanded,tiled_32,8,1,0.0477439984679
expanded,tiled_32,9,1,0.0478719994426
expanded,tiled_32,10,1,0.0476800017059
expanded,tiled_32,11,1,0.0486080013216
expanded,tiled_32,12,1,0.0487999990582
expanded,tiled_32,13,1,0.0471040010452
expanded,tiled_32,14,1,0.0483199991286
expanded,tiled_32,15,1,0.0483839996159
expanded,tiled_32,16,1,0.0471360012889
expanded,tiled_32,17,1,0.0486720018089
expanded,tiled_32,18,1,0.0516479983926
expanded,tiled_32,19,1,0.0491520017385
expanded,tiled_32,20,1,0.0470720008016
expanded,tiled_32,21,1,0.0487039983273
expanded,tiled_32,22,1,0.0474880002439
expanded,tiled_32,23,1,0.0490240007639
expanded,tiled_32,24,1,0.0473919995129
expanded,tiled_32,25,1,0.0475840009749
expanded,tiled_32,26,1,0.0486720018089
expanded,tiled_32,27,1,0.0489920005202
expanded,tiled_32,28,1,0.0484800003469
expanded,tiled_32,29,1,0.0480960011482
expanded,tiled_32,30,1,0.0475840009749
expanded,tiled_32,31,1,0.0475200004876
expanded,tiled_32,32,1,0.0480000004172
expanded,tiled_32,33,1,0.0474560000002
expanded,tiled_32,34,1,0.0471680015326
expanded,tiled_32,35,1,0.0487359985709
expanded,tiled_32,36,1,0.0482879988849
expanded,tiled_32,37,1,0.0483199991286
expanded,tiled_32,38,1,0.0483199991286
expanded,tiled_32,39,1,0.0471040010452
expanded,tiled_32,40,1,0.0474239997566
expanded,tiled_32,41,1,0.0472000017762
expanded,tiled_32,42,1,0.0478719994426
expanded,tiled_32,43,1,0.0472639985383
expanded,tiled_32,44,1,0.0472639985383
expanded,tiled_32,45,1,0.0479359999299
expanded,tiled_32,46,1,0.0473919995129
expanded,tiled_32,47,1,0.0475520007312
expanded,tiled_32,48,1,0.0488959997892
expanded,tiled_32,49,1,0.0472639985383
expanded,tiled_32,50,1,0.0478719994426
expanded,tiled_32,51,1,0.0479039996862
expanded,tiled_32,52,1,0.0545599982142
expanded,tiled_32,53,1,0.0475840009749
expanded,tiled_32,54,1,0.0477119982243
expanded,tiled_32,55,1,0.0481919981539
expanded,tiled_32,56,1,0.0486080013216
expanded,tiled_32,57,1,0.0471040010452
expanded,tiled_32,58,1,0.0476160012186
expanded,tiled_32,59,1,0.0487999990582
expanded,tiled_32,60,1,0.0481919981539
expanded,tiled_32,61,1,0.0486400015652
expanded,tiled_32,62,1,0.0481919981539
expanded,tiled_32,63,1,0.0473279990256
expanded,tiled_32,64,1,0.0488639995456
expanded,tiled_32,65,1,0.0484480001032
expanded,tiled_32,66,1,0.0483199991286
expanded,tiled_32,67,1,0.0486720018089
expanded,tiled_32,68,1,0.0482239983976
expanded,tiled_32,69,1,0.0483519993722
expanded,tiled_32,70,1,0.0481600016356
expanded,tiled_32,71,1,0.0473279990256
expanded,tiled_32,72,1,0.0472959987819
expanded,tiled_32,73,1,0.0477119982243
expanded,tiled_32,74,1,0.0489280000329
expanded,tiled_32,75,1,0.0480000004172
expanded,tiled_32,76,1,0.0487999990582
expanded,tiled_32,77,1,0.0480640009046
expanded,tiled_32,78,1,0.0472959987819
expanded,tiled_32,79,1,0.0471040010452
expanded,tiled_32,80,1,0.0470720008016
expanded,tiled_32,81,1,0.0476480014622
expanded,tiled_32,82,1,0.0481280013919
expanded,tiled_32,83,1,0.0478399991989
expanded,tiled_32,84,1,0.0479359999299
expanded,tiled_32,85,1,0.0488959997892
expanded,tiled_32,86,1,0.0480000004172
expanded,tiled_32,87,1,0.0475520007312
expanded,tiled_32,88,1,0.0486400015652
expanded,tiled_32,89,1,0.0481919981539
expanded,tiled_32,90,1,0.0484159998596
expanded,tiled_32,91,1,0.0482879988849
expanded,tiled_32,92,1,0.0472000017762
expanded,tiled_32,93,1,0.0475200004876
expanded,tiled_32,94,1,0.0471360012889
expanded,tiled_32,95,1,0.0485120005906
expanded,tiled_32,96,1,0.0486720018089
expanded,tiled_32,97,1,0.0470720008016
expanded,tiled_32,98,1,0.0471040010452
expanded,tiled_32,99,1,0.0472639985383
